MrBeast,166000000,Entertainment
ýýý Kids Diana Show,112000000,People & Blogs
PewDiePie,111000000,Gaming
Like Nastya,106000000,People & Blogs
Vlad and Niki,98900000,Entertainment
Zee Music Company,96700000,Music
WWE,96000000,Sports
BLACKPINK,89800000,People & Blogs
Goldmines,86900000,Film & Animation
5-Minute Crafts,80100000,Howto & Style
BANGTANTV,75600000,Music
Justin Bieber,71600000,Music
HYBE LABELS,71300000,Music
Zee TV,70500000,Entertainment
Pinkfong Baby Shark - Kids' Songs & Stories,68200000,Education
Canal KondZilla,66500000,Music
ChuChu TV Nursery Rhymes & Kids Songs,65900000,Education
Shemaroo Filmi Gaane,65600000,Music
Colors TV,64600000,Shows
T-Series Bhakti Sagar,61000000,Music
Movieclips,59500000,Film & Animation
Dude Perfect,59500000,Sports
Tips Official,59300000,Music
El Reino Infantil,58400000,Music
Wave Music,58000000,Music
Aaj Tak,57600000,News & Politics
Sony Music India,57200000,Music
EminemMusic,56900000,Music
Marshmello,56400000,Entertainment
YRF,54600000,Film & Animation
LooLoo Kids - Nursery Rhymes and Children's Songs,54000000,Music
Ed Sheeran,53500000,Music
Infobells - Hindi,53300000,Education
Taylor Swift,52900000,Music
Ariana Grande,52700000,Music
JuegaGerman,48100000,Gaming
Billie Eilish,47900000,Music
Get Movies,47500000,Entertainment
Shemaroo,47400000,Entertainment
Badabun,46800000,Entertainment
SonyMusicIndiaVEVO,46600000,Music
A4,46300000,Gaming
Bad Bunny,46100000,Music
Fernanfloo,46100000,Gaming
Voot Kids,45500000,Entertainment
Felipe Neto,45200000,Entertainment
HAR PAL GEO,44600000,Entertainment
BRIGHT SIDE,44500000,Howto & Style
ABS-CBN Entertainment,44200000,People & Blogs
Katy Perry,44200000,Music
Alan Walker,43700000,Music
Shakira,43500000,People & Blogs
ARY Digital HD,43200000,Entertainment
ýýýýýýýý ýý ýýýýýýýýýýýýýý,43200000,Film & Animation
Speed Records,42500000,Music
Masha and The Bear,42400000,Shows
Like Nastya Show,42400000,Entertainment
Rihanna,41900000,Entertainment
Ishtar Music,41400000,Trailers
Little Baby Bum - Nursery Rhymes & Kids Songs,40900000,Education
Toys and Colors,40300000,Entertainment
shfa2 - ï¿½ï¿½,39700000,People & Blogs
LUCCAS NETO - LUCCAS TOON,39400000,People & Blogs
Super Simple Songs - Kids Songs,39200000,Education
XXXTENTACION,39200000,Music
Mikecrack,39100000,Gaming
WorkpointOfficial,39000000,Entertainment
GR6 EXPLODE,38900000,Music
shfa,38400000,People & Blogs
Goldmines Gaane Sune Ansune,38300000,Music
Sony PAL,38200000,Shows
TheEllenShow,38200000,Entertainment
One Direction,38200000,Music
Daddy Yankee,38000000,Music
Vlad vï¿½ï¿½ï,37900000,nan
Like Nastya ESP,37600000,Entertainment
ýýýýýýýýýýýý one31,37500000,Entertainment
Jkk Entertainment,37200000,Comedy
Maria Clara & JP,37000000,People & Blogs
ABP NEWS,37000000,People & Blogs
Bruno Mars,36700000,Music
Maroon 5,36600000,Music
Ultra Bollywood,36600000,Trailers
PowerKids TV,36500000,Film & Animation
Ozuna,36200000,Music
La Granja de Zenï¿½,35700000,Music
IndiaTV,35500000,News & Politics
Saregama Music,35500000,Entertainment
T-Series Bollywood Classics,35400000,Music
Ryan's World,35200000,Entertainment
Markiplier,35200000,Gaming
Genevieve's Playhouse - Learning Videos for Kids,34900000,Education
T-Series Apna Punjab,34600000,Music
Geet MP3,34300000,Music
J Balvin,34100000,Music
Jingle Toons,34000000,Film & Animation
Galinha Pintadinha,33800000,Film & Animation
VEGETTA777,33800000,Gaming
SSSniperWolf,33700000,Gaming
Desi Music Factory,33700000,Music
Selena Gomez,33600000,Film & Animation
Ch3Thailand,33500000,Entertainment
Rajshri,33500000,Music
KHANDESHI MOVIES,33500000,Comedy
CVS 3D Rhymes & Kids Songs,33400000,Education
NoCopyrightSounds,33400000,Music
BabyBus - Kids Songs and Cartoons,32800000,Education
DisneyMusicVEVO,32700000,Music
BETER Bï¿½ï¿½,32700000,nan
Eros Now Music,32700000,Entertainment
The Weeknd,32600000,Music
WowKidz,32200000,Film & Animation
KAROL G,32100000,Music
rezendeevil,32100000,Gaming
Mr Bean,32100000,Shows
StarPlus,32000000,Entertainment
SMTOWN,31900000,Music
GMA  Network,31900000,Entertainment
DONA ï¿½ï¿½,31700000,Entertainment
Worldwide Records Bhojpuri,31700000,Music
JustinBieberVEVO,31600000,Music
Lucas and Marcus,31600000,Entertainment
Peppa Pig - Official Channel,31400000,Film & Animation
Luis Fonsi,31400000,Entertainment
The Tonight Show Starring Jimmy Fallon,31200000,Comedy
ImagineDragons,30700000,Music
Diana and Roma ESP,30700000,nan
Zee News,30500000,News & Politics
ýýýýýýýýýýýýýýý ýýýýýý ýýýýýýýýýýýýýýýýýý,30400000,nan
Trap Nation,30400000,Music
Boram Tube Vlog [ï¿½ï¿½ï¿½ï¿½ï¿½ï¿½ï¿½ï¿½ï¿,30300000,Entertainment
ýýýýýýýý ýýýýýýýý ýýýýýýýýýý | toyoraljanahtv,30200000,Entertainment
Talking Tom,30200000,Comedy
Adele,30200000,Music
Little Angel: Nursery Rhymes & Kids Songs,30100000,Education
Spinnin' Records,30100000,Music
jacksepticeye,30100000,Gaming
Shawn Mendes,30000000,Music
Ultra Records,29600000,Music
Maluma,29300000,Music
Zhong,29200000,Entertainment
Enaldinho,29200000,Comedy
Shorts Break,29000000,Comedy
infobells - Tamil,28900000,Education
Aditya Music India,28500000,Music
Aditya Movies,28400000,Movies
HUM TV,28300000,Entertainment
infobells - Telugu,28300000,Education
Masha y el Oso,28300000,Film & Animation
Michael Jackson,28200000,Music
Drake,28100000,Music
Bounce Patrol - Kids Songs,27800000,Music
toycantando,27700000,Music
Wiz Khalifa,27500000,Music
JYP Entertainment,27400000,Music
DanTDM,27400000,Gaming
ýýý Kids Roma Show,27400000,People & Blogs
Nick Jr.,27300000,Film & Animation
Dushyant kukreja,27100000,Entertainment
ToyPuddingTV,27100000,Entertainment
Gulshan Kalra,27100000,Howto & Style
enchufetv,26700000,Comedy
WORLDSTARHIPHOP,26500000,Music
Raffy Tulfo in Action,26500000,News & Politics
Alan Chikin Chow,26400000,Comedy
PANDA BOI,26400000,Entertainment
D Billions,26200000,nan
Junya.ï¿½ï¿½ï¿½ï¿½,26200000,Entertainment
Smosh,26100000,Comedy
Marï¿½ï¿½ï¿½ï¿½ï¿½,26000000,Music
Beyoncï¿,26000000,Music
NichLmao,26000000,People & Blogs
Indosiar,25900000,Music
VanossGaming,25800000,Gaming
David Guetta,25700000,Music
Nicki Minaj,25700000,Music
TaylorSwiftVEVO,25600000,Music
Post Malone,25500000,Music
LankyBox,25400000,Comedy
Coldplay,25300000,Music
Chris Brown,25200000,Music
WB Kids,25200000,People & Blogs
The Lallantop,25200000,News & Politics
RihannaVEVO,25100000,Music
WatchMojo.com,25100000,Music
Anuel AA,25000000,Music
TRANS7 OFFICIAL,25000000,Entertainment
Dan Rhodes,24800000,Entertainment
mujjuu___14,24800000,People & Blogs
EminemVEVO,24700000,Music
KatyPerryVEVO,24600000,Music
1theK (ï¿½ï¿½ï¿½ï¿½ï,24500000,Music
Like Nastya AE,24400000,Entertainment
shfa show India,24200000,nan
netd mï¿½ï¿,24100000,Music
Daniel LaBelle,24100000,Comedy
Diana and Roma ARA,24100000,nan
Alejo Igoa,24100000,Comedy
Spider Slack,24000000,Comedy
Enrique Iglesias,23800000,Music
Troom Troom,23800000,Howto & Style
That Little Puff,23700000,Pets & Animals
Mister Max,23700000,People & Blogs
NickyJamTV,23600000,Music
Jelly,23500000,Gaming
Miss Katy,23500000,People & Blogs
Sesame Street,23300000,Entertainment
Lady Gaga,23200000,People & Blogs
GMM GRAMMY OFFICIAL,23100000,Music
Kids TV - Nursery Rhymes And Baby Songs,23100000,Shows
Wave Music Bhojpuri,23100000,Music
Tsuriki Show,23000000,Entertainment
White Hill Music,23000000,Entertainment
toyorbabytv,22900000,Music
BabyBus - Canciones Infantiles & Videos para Niï¿½ï,22900000,Education
KL BRO Biju Rithvik,22800000,Entertainment
Like Nastya PRT,22700000,Entertainment
Vania Mania Kids,22700000,People & Blogs
LeoNata Family,22600000,People & Blogs
Sun TV,22600000,People & Blogs
mmoshaya,22600000,People & Blogs
The Chainsmokers,22600000,Music
Sia,22600000,Music
SSundee,22500000,Gaming
Vlad and Niki Arabic,22500000,nan
FGTeeV,22300000,Gaming
Kinder Spielzeug Kanal (Kidibli),22200000,Entertainment
Sagawa /ï¿½ï¿½ï¿½,22000000,Entertainment
Disney Latinoamï¿½ï¿½,21900000,Entertainment
Topper Guild,21900000,Comedy
Rotana,21800000,Music
OneDirectionVEVO,21800000,Music
Dua Lipa,21800000,Music
SMOL,21500000,People & Blogs
Tlnovelas,21500000,News & Politics
Dangal TV Channel,21300000,Entertainment
Ishaan Ali 11,21300000,People & Blogs
Becky G,21300000,Music
Azhan5star,21300000,Entertainment
GMA Public  Affairs,21200000,Entertainment
Lyrical Lemonade,21000000,Entertainment
Romeo Santos,20900000,Music
LIV Crime,20900000,People & Blogs
Yoeslan,20700000,Entertainment
NBA,20700000,Sports
Avicii,20600000,Music
Mnet K-POP,20500000,Entertainment
Ninja Kidz TV,20500000,Entertainment
Vijay Television,20400000,Entertainment
Linkin Park,20400000,Music
BabyBus - Cerita & Lagu Anak-anak,20300000,Education
ýýýýýýýýýýýýýýý - Genevieve's Playhouse,20300000,Education
dednahype,20200000,Comedy
Marta and Rustam,20200000,Comedy
CookieSwirlC,20100000,Entertainment
BuzzFeedVideo,20100000,People & Blogs
7clouds,20100000,Music
Pencilmation,20100000,Film & Animation
Robin Hood Gamer,20100000,Entertainment
REACT,20000000,Entertainment
Gusttavo Lima Oficial,19900000,Music
SOMOY TV,19800000,News & Politics
Britain's Got Talent,19700000,Entertainment
Official Pink Panther,19700000,Film & Animation
Sony AATH,19600000,Shows
etvteluguindia,19400000,Entertainment
Jimmy Kimmel Live,19100000,Entertainment
Calvin Harris,19000000,Music
KBS WORLD TV,19000000,Entertainment
Turma da Mï¿½ï¿½,19000000,Film & Animation
CKN,18700000,Entertainment
GRAMMY GOLD OFFICIAL,18600000,Music
shakiraVEVO,18400000,Music
RsiamMusic : ï¿½ï¿½ï¿½ï¿½ï¿½ï¿½ï¿½ï¿½,18400000,Music
Dhar Mann,18400000,People & Blogs
Blippi - Educational Videos for Kids,18100000,Education
Jake Fellman,18100000,Entertainment
Ajay Sharma,18100000,Entertainment
officialpsy,18100000,Music
SonyMusicSouthVEVO,18000000,Music
And TV,18000000,Entertainment
Sebastiï¿½ï¿½ï¿½,18000000,News & Politics
MGC Playhouse,17900000,Shows
Priyal Kukreja,17800000,People & Blogs
ArianaGrandeVevo,17700000,Music
ýýýýýýýýý KIMPRO,17700000,nan
El Payaso Plim Plim,17700000,Film & Animation
IGN,17500000,Gaming
Aphmau,17400000,Gaming
Koray Zeynep,17400000,People & Blogs
AMARINTV : ï¿½ï¿½ï¿½ï¿½ï¿½ï¿½ï¿½ï¿½ï¿½ï¿½ï¿½ï¿½,17400000,Entertainment
ýýýýýýýýýýýýýýýý - Al-Remas,17400000,Music
Taarak Mehta Ka Ooltah Chashmah,17300000,Entertainment
PopularMMOs,17200000,Gaming
El Reino a Jugar,17200000,Education
LuisFonsiVEVO,17000000,Music
Queen Official,17000000,Music
Salman Noman,16700000,Entertainment
Younes Zarou,16600000,Entertainment
Lahari Music - TSeries,16600000,Music
Alfredo Larin,16400000,Entertainment
RCTI - LAYAR DRAMA INDONESIA,16400000,Entertainment
GMMTV OFFICIALï¿½ï¿½,16400000,Entertainment
Pitbull,16300000,Music
SAM SMITH,16300000,Music
LEGO,16200000,Entertainment
XO TEAM,16200000,People & Blogs
Thairath Online,16200000,News & Politics
Jennifer Lopez,16200000,Music
Disney Junior,16100000,Entertainment
Rotten Tomatoes Trailers,15800000,Film & Animation
Henrique e Juliano,15500000,Music
Mr DegrEE,15500000,Science & Technology
Kashvi Adlakha,15500000,Entertainment
Genierock,15400000,Music
FFUNTV,15400000,Gaming
Mazhavil Manorama,15300000,Entertainment
Dave and Ava - Nursery Rhymes and Baby Songs,15300000,Education
CNN,15200000,News & Politics
Chapitosiki,15100000,Entertainment
AdeleVEVO,15100000,Music
ABS-CBN News,15100000,News & Politics
ISSEI / ï¿½ï¿½ï¿½ï¿½,15000000,Comedy
KOMPASTV,15000000,News & Politics
Zï¿½ï¿½ï¿½ï¿½ï¿½ï¿½ï,15000000,Music
Ray William Johnson,15000000,Entertainment
ZutiGang,14900000,People & Blogs
50 Cent,14900000,Music
Filaretiki,14800000,nan
Fueled By Ramen,14800000,Music
ABC News,14700000,News & Politics
Colors Rishtey,14700000,Entertainment
O Reino Infantil,14600000,Music
Maroon5VEVO,14500000,Music
TV9 Bharatvarsh,14500000,People & Blogs
ZEE5,14400000,Entertainment
SelenaGomezVEVO,14400000,Music
Zee Bangla,14200000,Entertainment
SEVENGERS,14200000,Comedy
MalumaVEVO,14100000,Music
ViralHog,14000000,People & Blogs
ETV Jabardasth,14000000,People & Blogs
Zee Telugu,14000000,Entertainment
Atlantic Records,13900000,Music
Jamuna TV,13900000,News & Politics
Think Music India,13800000,Music
Saturday Night Live,13600000,Entertainment
Woody & Kleiny,13500000,Comedy
Codiscos,13400000,Music
Peet Montzingo,13400000,People & Blogs
jbalvinVEVO,13200000,Music
EnriqueIglesiasVEVO,12900000,Music
Rauw Alejandro,12900000,Music
Beyoncï¿½ï¿½,12800000,Music
YoungBoy Never Broke Again,12700000,Entertainment
Mundo Bita,12500000,Music
Flowers Comedy,12500000,Entertainment
Zee Tamil,12500000,Entertainment
Family Fitness,12500000,Entertainment
MoniLina,12400000,Comedy
ANNA KOVA,12400000,People & Blogs
DisneyChannelUK,12400000,Music
BillionSurpriseToys  - Nursery Rhymes & Cartoons,52200000,Education
Vocï¿½ï¿½ï¿½,44700000,Entertainment
whinderssonnunes,44200000,Comedy
HolaSoyGerman.,43600000,Entertainment
Kimberly Loaiza,41300000,People & Blogs
Luisito Comunica,40600000,Comedy
elrubiusOMG,40400000,Gaming
CarryMinati,39200000,Comedy
TEDx Talks,38600000,Nonprofits & Activism
YouTube,36300000,News & Politics
MrBeast Gaming,36100000,Gaming
Total Gaming,35400000,Gaming
Techno Gamerz,34400000,Gaming
Jess No Limit,34000000,Entertainment
Ricis Official,33300000,People & Blogs
GENIAL,31800000,Howto & Style
MR. INDIAN HACKER,31700000,Science & Technology
Dream,31700000,Gaming
YOLO AVENTURAS,31200000,People & Blogs
TheDonato,31200000,Entertainment
Round2hell,30700000,Comedy
AboFlah,30500000,Gaming
AH,30400000,Entertainment
Frost Diamond,30100000,Gaming
ashish chanchlani vines,29800000,Comedy
AuronPlay,29200000,Comedy
The Late Late Show with James Corden,28400000,Entertainment
Shemaroo Movies,28200000,Entertainment
Goldmines Dishoom,28000000,Film & Animation
Sandeep Maheshwari,27800000,People & Blogs
MrBeast 2,27500000,People & Blogs
Crazy XYZ,27300000,Entertainment
Brent Rivera,27000000,Comedy
Renato Garcia YT,26900000,Entertainment
Netflix,26700000,Entertainment
Beast Reacts,26700000,People & Blogs
Goldmines Bollywood,26400000,Film & Animation
BB Ki Vines,26300000,Entertainment
1MILLION Dance Studio,26100000,Entertainment
LosPolinesios,25700000,People & Blogs
Fede Vigevani,25600000,Howto & Style
ZHC,25500000,Film & Animation
Rans Entertainment,25400000,People & Blogs
Las Ratitas,25200000,People & Blogs
ABPLIVE,25200000,People & Blogs
America's Got Talent,24800000,Entertainment
Yuya,24800000,Howto & Style
Chloe Ting,24700000,Howto & Style
Mark Rober,24600000,Science & Technology
Pen Movies,24300000,Film & Animation
Amit Bhadana,24300000,Entertainment
MrBeast en Espaï¿½ï,24200000,Entertainment
DJ Snake,24100000,Music
KSI,24100000,Entertainment
Preston,24000000,Gaming
Goldmines Movies,24000000,Film & Animation
Diana and Roma EN,23900000,People & Blogs
Collins Key,23900000,Entertainment
James Charles,23900000,Entertainment
Venus Entertainment,23800000,Entertainment
FaZe Rug,23700000,Gaming
Ninja,23700000,Gaming
Peppa Pig Espaï¿½ï¿½ï¿½ï¿½ï¿½ï¿½ï¿½ï¿½ï¿½,23600000,Film & Animation
Maya and Mary,23600000,Entertainment
Logan Paul,23600000,Entertainment
Juan De Dios Pantoja,23600000,Entertainment
Tilak,23400000,Film & Animation
Valentina Pontes ofc,23400000,Film & Animation
Akshay Nagwadiya,23200000,Entertainment
unknown boy varun,23100000,Music
TED,23100000,People & Blogs
DrossRotzank,23000000,Entertainment
Technical Guruji,23000000,Science & Technology
Alan Becker,22900000,Film & Animation
Ultra Movie Parlour,22900000,Movies
Heroindori,22600000,Comedy
Goldmines Cineplex,22500000,Film & Animation
Paulo Londra,22400000,Music
Smile Family,22300000,People & Blogs
Charlie Puth,22000000,Music
Vlad and Niki ESP,22000000,nan
Zach Choi ASMR,21900000,People & Blogs
Ben Azelart,21900000,Film & Animation
Netflix India,21800000,People & Blogs
National Geographic,21800000,Science & Technology
Stokes Twins,21800000,People & Blogs
Sourav Joshi Vlogs,21700000,People & Blogs
ZAMZAM ELECTRONICS TRADING,21700000,nan
DUDU e CAROL,21600000,Autos & Vehicles
Eva Bravo Play,21600000,Entertainment
Village Cooking Channel,21600000,Howto & Style
invictor,21500000,Gaming
Tekashi 6ix9ine,21500000,People & Blogs
Sidhu Moose Wala,21400000,Music
YOLO,21400000,Comedy
The Royalty Family,21300000,People & Blogs
Infinite,21300000,Entertainment
Khan GS Research Centre,21200000,Education
Tasty,21100000,Howto & Style
Baim Paula,21100000,People & Blogs
Vlad and Niki IDN,21000000,nan
Rafa & Luiz,21000000,Entertainment
nigahiga,21000000,Entertainment
Brave Wilderness,20900000,Pets & Animals
Fatos Desconhecidos,20900000,Entertainment
Dr. Vivek Bindra: Motivational Speaker,20900000,Education
Kurzgesagt ï¿½ï¿½ï¿½ï¿½ï¿½ï¿,20800000,Education
Canal Canalha,20800000,Comedy
tuzelity SHUFFLE,20700000,People & Blogs
Zach King,20700000,Entertainment
5-Minute Crafts DIY,20700000,Howto & Style
Bizarrap,20600000,Comedy
Deddy Corbuzier,20600000,Entertainment
LazarBeam,20500000,Gaming
Jake Paul,20400000,People & Blogs
SlivkiShow,20400000,Entertainment
Emiway Bantai,20400000,Music
Totoy kids - Portuguï¿½,20400000,Film & Animation
Got Talent Global,20300000,Entertainment
Kiddiestv Hindi - Nursery Rhymes & Kids Songs,20200000,Education
Family GamesTV,20200000,Entertainment
MiawAug,20200000,Gaming
Ami Rodriguez,20200000,Entertainment
Noor Stars,20200000,Comedy
AuthenticGames,20100000,Gaming
Skrillex,20100000,Music
5-Minute Crafts PLAY,20100000,Howto & Style
Marvel Entertainment,20100000,Entertainment
Green Gold TV - Official Channel,20000000,Film & Animation
Pentatonix,20000000,Music
Gordon Ramsay,20000000,Entertainment
Crafty Panda,19800000,People & Blogs
HaerteTest,19800000,Science & Technology
SCTV,19700000,Entertainment
Troom Troom Es,19700000,People & Blogs
JennaMarbles,19700000,Comedy
tabii Urdu,19600000,Entertainment
DaFuq!?Boom!,19600000,Film & Animation
Clash of Clans,19600000,Gaming
AS Gaming,19600000,Gaming
RKD Studios,19500000,Entertainment
FIFA,19400000,Sports
DLS News,19400000,News & Politics
JukiLop,19400000,People & Blogs
Unbox Therapy,19300000,Science & Technology
Vsauce,19300000,Science & Technology
Sonotek,19200000,Entertainment
shane,19200000,People & Blogs
Lil Nas X,19100000,Music
Goldmines Great Indian Comedy,19100000,Film & Animation
TheOdd1sOut,19100000,Comedy
Wow Kidz Action,19000000,Film & Animation
SUPER SLICK SLIME SAM,19000000,Howto & Style
ýýýýýýýýýýýýýý ýýýý,19000000,Education
Little Angel Espaï¿½ï¿½ï¿½ï¿½ï¿½ï¿½ï¿½ï¿½ï¿½,18900000,Education
Masha e o Urso,18900000,Shows
HiMan,18900000,People & Blogs
ýýýýýýýýýýýýýýýýýýýýýý,18800000,Entertainment
Farruko,18800000,Music
Busy Fun Ltd,18800000,nan
Cardi B,18800000,People & Blogs
Sidemen,18800000,Entertainment
TED-Ed,18800000,Education
Triggered Insaan,18800000,Comedy
Ali-A,18700000,Gaming
ýýýýýýýý ýýýýýýýýýý ýýýýýýýýýý | Arab Games Network,18600000,Gaming
Smile Family Spanish,18600000,nan
Shemaroo Comedy,18600000,Entertainment
Like Nastya Vlog,18500000,People & Blogs
The ACE Family,18500000,People & Blogs
Willie Salim,18500000,People & Blogs
Marmok,18500000,Gaming
Dan-Sa / Daniel Saboya,18500000,Music
TheWillyrex,18400000,Comedy
PDK Films,18400000,Entertainment
Good Mythical Morning,18300000,Entertainment
Miley Cyrus,18300000,Entertainment
Naisa Alifia Yuriza (N.A.Y),18300000,People & Blogs
IShowSpeed,18300000,Gaming
Bobby chourasiya,18200000,People & Blogs
INCRï¿½ï¿,18200000,People & Blogs
SQUEEZIE,18100000,Gaming
GEN HALILINTAR,18100000,Entertainment
How Ridiculous,18000000,Sports
BeatboxJCOP,18000000,Film & Animation
TheGrefg,18000000,Gaming
Manual do Mundo,18000000,Howto & Style
Jason Derulo,17900000,Music
Like Nastya VNM,17900000,Entertainment
David Dobrik,17900000,People & Blogs
Demi Lovato,17900000,Music
Zuni and Family,17900000,People & Blogs
Lele Pons,17900000,Comedy
RobleisIUTU,17900000,Entertainment
KatieAngel,17900000,People & Blogs
MSA previously My Story Animated,17800000,Film & Animation
Les' Copaque Production,17700000,Film & Animation
News 24,17700000,News & Politics
jaanvi patel,17700000,People & Blogs
Porta dos Fundos,17700000,Entertainment
Jane ASMR ï¿½ï¿½,17700000,nan
Lil Pump,17700000,Music
tanboy kun,17700000,People & Blogs
zbing z.,17600000,Gaming
DeGoBooM,17600000,Gaming
JFlaMusic,17600000,Music
The Game Theorists,17600000,Gaming
ýýýýýýýýý Liziqi,17600000,Howto & Style
MissaSinfonia,17600000,Comedy
Fun For Kids TV - Hindi Rhymes,17500000,Entertainment
News18 India,17500000,News & Politics
FactTechz,17500000,Entertainment
HowToBasic,17300000,Howto & Style
Apple,17300000,Science & Technology
Jason Vlogs,17200000,Education
Anitta,17200000,Music
Willyrex,17200000,Gaming
Marques Brownlee,17200000,Science & Technology
TRANS TV Official,17100000,Entertainment
TheBrianMaps,17100000,Comedy
Liza Koshy,17100000,Comedy
Gaby and Alex,17000000,Entertainment
Prajapati News,17000000,Comedy
Danny Fitt,16900000,People & Blogs
Aayu and Pihu Show,16900000,Comedy
Guava Juice,16900000,Gaming
Pop Chartbusters,16900000,Music
VICE,16900000,Entertainment
EeOneGuy,16900000,Entertainment
Bispo Bruno Leonardo,16900000,Nonprofits & Activism
deepesh zo,16800000,People & Blogs
Like Nastya IDN,16800000,Entertainment
Doggy Doggy Cartoons,16800000,Entertainment
Gato Galactico | GALï¿½ï¿,16800000,Film & Animation
DeToxoMoroxo,16800000,Entertainment
With Kids[ï¿½ï¿½ï¿½ï¿½ï,16700000,Entertainment
Travis Scott,16700000,Music
CoryxKenshin,16700000,Gaming
Tu COSMOPOLIS,16700000,People & Blogs
SriBalajiMovies,16600000,Entertainment
NMF News,16600000,News & Politics
Jordan Matter,16600000,Entertainment
IDEAS EN 5 MINUTOS,16600000,Howto & Style
Werever2morro,16600000,Entertainment
Ivana Alawi,16600000,nan
FunFun Toy Doll TV,16500000,Entertainment
BBC News Hindi,16500000,News & Politics
FailArmy,16500000,Comedy
ýýýýýýýý ýýýýýýýýýýýýýýýýýýýýýý,16500000,Entertainment
Ch7HD,16400000,Entertainment
UFC - Ultimate Fighting Championship,16400000,Sports
Kaykai Salaider,16400000,Comedy
Sandra Cires Art,16400000,Howto & Style
Little Mix,16300000,Music
Bollywood Classics,16300000,Entertainment
Camila Cabello,16300000,Music
Boyce Avenue,16300000,Music
W2S,16300000,Gaming
Matt Stonie,16300000,Entertainment
Technoblade,16300000,Gaming
POPS Kids,16200000,Music
Kids Play,16200000,Entertainment
ExtraPolinesios,16200000,People & Blogs
AdMe,16200000,Entertainment
JJ Olatunji,16200000,Gaming
T3ddy,16200000,Comedy
La Rosa de Guadalupe,16100000,Entertainment
Vlad and Niki ARA,16100000,nan
Panda Shorts,16100000,nan
FitDance,16100000,Music
Daily Dose Of Internet,16100000,Entertainment
TWICE,16100000,Music
Canal IN,16100000,People & Blogs
Dyland PROS,16100000,Entertainment
Enes Batur,16000000,Gaming
sagar kalra (Shorts),16000000,People & Blogs
Totoy kids - Espaï¿½ï,16000000,Film & Animation
Antrax,16000000,Gaming
wifistudy,16000000,Education
DopeLyrics,15900000,Music
MK MUSIC,15900000,Music
Unspeakable,15900000,Gaming
Camilo,15900000,Music
Lyna,15900000,Gaming
jeffreestar,15900000,Howto & Style
ýýýýýýýýýý,15900000,People & Blogs
Arif muhammad,15800000,People & Blogs
Narendra Modi,15800000,News & Politics
Dear Sir,15800000,Education
Volga Video,15700000,Film & Animation
Prime Video India,15700000,Entertainment
Team Films Bhojpuri,15700000,Music
MY FAMILY,15700000,nan
DM - Desi Melodies,15700000,Music
Zee Music Classic,15700000,Music
Linus Tech Tips,15600000,Science & Technology
Kuplinov ï¿½ï¿½ï¿,15600000,Gaming
5-Minute Crafts FAMILY,15600000,People & Blogs
Juliana Baltar,15600000,Entertainment
Caeli YT,15600000,Entertainment
Blippi Espaï¿½ï,15500000,People & Blogs
ýýýýýýýý ýý ýýýýýýýý,15500000,Shows
Infobells Bangla,15500000,Education
Talking Tom & Friends,15500000,Entertainment
Katakit Baby TV,15500000,Music
Super Senya,15500000,Entertainment
ýýýýýýýý ýýýýýýýýýýýýýý ýýýý 5 ýýýýýýýýýý,15500000,Howto & Style
Roman Atwood Vlogs,15400000,People & Blogs
zayn,15400000,Music
Kerajinan 5-Menit,15400000,People & Blogs
Mrwhosetheboss,15400000,Science & Technology
Harsh Beniwal,15400000,Comedy
Mobile Legends: Bang Bang,15400000,Gaming
ILYA BORZOV,15300000,People & Blogs
FC Barcelona,15300000,Sports
LOKESH GAMER,15300000,Gaming
Oyuncak Avï¿,15200000,Entertainment
T-Series Hamaar Bhojpuri,15200000,Entertainment
Sony LIV,15200000,Entertainment
NDTV India,15200000,News & Politics
SRK MUSIC,15200000,Music
The MriDul,15200000,Comedy
Niana Guerrero,15200000,Entertainment
Rubï¿½ï¿½ï¿½ï¿½ï¿½ï¿½,15100000,Comedy
BIGBANG,15100000,Music
EdisonPts,15100000,Gaming
Mohamed Ramadan I ï¿½ï¿½ï¿½ï¿½ï¿½ï¿½ï,15100000,People & Blogs
Hongyu ASMR ï¿½ï¿½,15100000,People & Blogs
Makiman131,15100000,Gaming
PowerfulJRE,15100000,People & Blogs
Mariale,15100000,Howto & Style
Musas,15100000,Howto & Style
Daftar Populer,15100000,Education
It's Mamix,15100000,People & Blogs
Ranz Kyle,15100000,People & Blogs
Kim Loaiza,15100000,Music
BigSchool,15000000,Gaming
Sony Music South,15000000,Music
Chetan Monga Vlogs,15000000,People & Blogs
A2 Motivation by Arvind Arora,15000000,Entertainment
Little Angel - Mï¿½ï¿½ï¿½ï¿½ï¿½ï¿½ï¿½ï¿½ï¿½ï¿½,15000000,Entertainment
THE BROWN SIBLINGS,15000000,Entertainment
Republic Bharat,15000000,News & Politics
League of Legends,15000000,Gaming
Kwebbelkop,15000000,Gaming
PlayStation,15000000,Gaming
MoreAliA,15000000,Gaming
XpressTV,15000000,Entertainment
TheRichest,15000000,Education
Bayashi TV,14900000,Entertainment
MNCTV OFFICIAL,14900000,Entertainment
TazerCraft,14900000,Gaming
ýýýýýýýýýýýý8 : Thai Ch8,14900000,Entertainment
iTownGamePlay *Terror&Diversiï¿½ï,14900000,Entertainment
melanie martinez,14900000,Music
ERB,14900000,Entertainment
Major Lazer Official,14800000,Music
Jorge & Mateus Oficial,14800000,Music
5-Minute Crafts Recycle,14800000,People & Blogs
Meghan Trainor,14800000,People & Blogs
ýýýýýýýý ýýýýýýýý,14800000,Howto & Style
Lachlan,14800000,Gaming
MattyBRaps,14800000,Music
CrashCourse,14800000,Education
Netflix Jr.,14700000,Education
CollegeHumor,14700000,Comedy
Chad Wild Clay,14700000,Comedy
Camila Loures,14700000,Music
StudyIQ IAS,14700000,Education
The Slow Mo Guys,14700000,Entertainment
ýýýýýýýýýý ýýýýýýýýýýýý,14700000,Entertainment
Canal Nostalgia,14700000,Entertainment
Maha Fun Tv,14700000,Entertainment
Fifth Harmony,14600000,Music
Martin Garrix,14600000,Music
PrestonPlayz,14600000,Gaming
Noman Official,14600000,Comedy
Planeta das Gï¿½ï¿½,14600000,People & Blogs
Jesser,14600000,Gaming
Auron,14600000,People & Blogs
Mis Pastelitos,14600000,Howto & Style
Doc Tops,14600000,Entertainment
GMM25Thailand,14500000,Entertainment
Hear This Music,14500000,Music
Telemundo,14500000,Entertainment
Like Nastya Stories,14500000,Entertainment
Aadishakti Films,14500000,Music
Boram Tube ToysReview [ï¿½ï¿½ï¿½ï¿½ï¿½ï¿½ï¿½ï¿½ï¿,14500000,People & Blogs
Eli Kids - Cartoons & Songs,14500000,nan
BBC News,14500000,News & Politics
les boys tv2,14500000,Entertainment
Saad Lamjarred | ï¿½ï¿½ï¿½ï¿½ï¿½ï¿,14500000,Music
Reaction Time,14500000,Entertainment
IDEIAS INCRï¿½ï¿½,14500000,Howto & Style
Lilly Singh,14500000,Comedy
LEGENDA FUNK,14500000,Music
Lotus Music,14500000,nan
Zig & Sharko,14400000,Film & Animation
RS 1313 SHORTS,14400000,Entertainment
Vlad and Niki PRT,14400000,nan
Harry Styles,14400000,People & Blogs
Rosanna Pansino,14400000,Howto & Style
Indore Physical Academy,14400000,People & Blogs
Coke Studio,14400000,Music
Rclbeauty101,14400000,Comedy
Cyprien,14400000,Comedy
ýýýýýýýýýýýý ýýýýýýýýýýýý I ýýýýýý ýý ýýýýýýýýýý,14400000,Entertainment
Gyan Gamingï¿½,14400000,Gaming
Drawblogs,14400000,Entertainment
Rebecca Zamolo,14300000,Comedy
Super Polina,14300000,People & Blogs
The Dodo,14200000,Pets & Animals
Crazy Frog,14200000,Music
SIS vs BRO,14200000,Entertainment
infobells - Kannada,14200000,Education
Wish 107.5,14200000,Music
Invento na Hora,14200000,Film & Animation
E-MasterSensei,14200000,Gaming
DangMattSmith,14200000,Entertainment
TommyInnit,14200000,Gaming
NikkieTutorials,14200000,Howto & Style
Lana Del Rey,14100000,Music
Yudist Ardhana,14100000,Entertainment
Supercar Blondie,14100000,Autos & Vehicles
Trap City,14100000,Music
Bie The Ska,14100000,Entertainment
ýýýýýýýýýýýýýýýýýýýý ýýýýýýýýýýýýýýýýýýýý,14100000,Entertainment
#Refugio Mental,14100000,Entertainment
F2Freestylers - Ultimate Soccer Skills Channel,14100000,Sports
Neha Kakkar,14100000,Music
Gallina Pintadita,14000000,Music
Luli Pampï¿½,14000000,Music
ýýýýýýýýýýýý,14000000,Gaming
Crescendo com Luluca,14000000,Entertainment
AM3NlC,14000000,Gaming
TV Ana Emilia,14000000,People & Blogs
Narins Beauty,14000000,Howto & Style
karameeshchannel,13900000,Entertainment
ýýýýýýýý ýý ýýýýýýýýýýýý,13900000,nan
Dental Digest,13900000,People & Blogs
Jazzghost,13900000,Gaming
ADEL et SAMI,13900000,Entertainment
T-Series Regional,13900000,Entertainment
Alexa Rivera,13900000,Howto & Style
Darkar Company Studios,13900000,Film & Animation
Veritasium,13900000,Education
Kids TV India Hindi Nursery Rhymes,13800000,Shows
Geo News,13800000,News & Politics
123 GO! Spanish,13800000,People & Blogs
ýýýýýýýý/Atro,13800000,Gaming
Airrack,13800000,Entertainment
Hacksmith Industries,13800000,Science & Technology
JD Pantoja,13800000,People & Blogs
The Vishal bhatt,13700000,Comedy
Wesley Safadï¿½,13700000,Music
FAPTV,13700000,Comedy
infobells,13700000,Education
MyMissAnand,13700000,People & Blogs
NishaMadhulika,13700000,Howto & Style
Desi Gamers,13700000,Gaming
Goldmines Premiere,13700000,Entertainment
O Que Nï¿½ï¿½ï¿½ï¿½ï¿½ï¿,13700000,Comedy
MAIKI021,13700000,Entertainment
BBC,13600000,Pets & Animals
JOJO TV - Hindi Stories,13600000,Education
Lindsey Stirling,13600000,Music
Acenix,13600000,Gaming
DALLMYD,13600000,Sports
Lady Diana,13500000,Entertainment
Vijay Kumar Viner Vlogs,13500000,Entertainment
Awakening Music,13500000,Music
JULIA GISELLA,13500000,Entertainment
Typical Gamer,13500000,Gaming
Sanjoy Das Official,13500000,Entertainment
Anaysa,13500000,Howto & Style
Conor Maynard,13500000,Music
Wengie,13500000,Howto & Style
BUDI01 GAMING,13500000,Gaming
GMA Integrated News,13400000,News & Politics
Vlad y Niki Show,13400000,nan
H2ODelirious,13400000,Gaming
The Q,13400000,People & Blogs
My Mate Nate,13400000,Comedy
Blockbuster Movies,13400000,Entertainment
ATHLEAN-Xï¿½,13400000,Howto & Style
The World Adventures ï¿½ï¿½ï¿½ï¿½ï¿½ï¿½,13400000,People & Blogs
Kids Lineï¿½ï¿½ï¿½ï¿½ï¿½ï¿½ï¿½,13300000,People & Blogs
VexTrex,13300000,Entertainment
penguinz0,13300000,Gaming
Just For Laughs Gags,13300000,Comedy
ýýýýýýýýýýýýýýýýýý,13300000,People & Blogs
AzzyLand,13300000,Gaming
theRadBrad,13300000,Gaming
Vogue,13300000,Entertainment
BanderitaX,13300000,Gaming
Kurt Hugo Schneider,13300000,Entertainment
Stray Kids,13300000,People & Blogs
Matt Steffanina,13300000,Entertainment
Kabita's Kitchen,13300000,Howto & Style
Trakin Tech,13300000,Science & Technology
HUBAï¿½ï¿½,13200000,Entertainment
ýýýýýýTwinsFromRussia,13200000,People & Blogs
The Infographics Show,13200000,Education
MC Divertida,13200000,Entertainment
Vilmei,13200000,nan
Sonotek Bhakti,13200000,Entertainment
Ei Nerd,13200000,Entertainment
Brawl Stars,13200000,Gaming
CookingShooking Hindi,13200000,People & Blogs
BIBO ï¿½ï¿½ï¿½ï¿½ï¿½ï¿,13200000,Entertainment
Technology Gyan,13200000,Science & Technology
Ian Boggs,13100000,Entertainment
DJ Khaled,13100000,Music
RedeTV,13100000,Entertainment
twenty one pilots,13100000,Music
Lokdhun Punjabi,13100000,Music
Hungria Hip Hop,13100000,Music
ýýýýýýýýýýýýýýý Ms Yeah,13100000,People & Blogs
Peppa Pig em Portuguï¿½ï¿½ï¿½ï¿½ï¿½ï¿½ï¿½ï¿½ï¿,13100000,Film & Animation
RaptorGamer,13100000,People & Blogs
WiederDude,13100000,nan
Painzeiro,13100000,People & Blogs
Ryan Trahan,13100000,Entertainment
Knowledge Tv ï¿½ï¿½ï¿½ï¿½ï¿½ï¿½,13100000,People & Blogs
Alex Gonzaga Official,13100000,People & Blogs
JesseAndMike,13000000,Entertainment
GH'S,13000000,Gaming
Susy Mouriz,13000000,Entertainment
Jomy Production,13000000,Entertainment
The LaBrant Fam,13000000,Comedy
7 Minutoz,13000000,Music
Davie504,13000000,Entertainment
Lofi Girl,13000000,Music
Everson Zoio,13000000,Comedy
AlArabiya ï¿½ï¿½ï¿½ï¿½ï¿,12900000,People & Blogs
Akon,12900000,Music
ýýýýýýýý ýýýý ýýýýýýýýýýýýýý,12900000,Shows
Top Viral Talent,12900000,Entertainment
BIBOï¿½ï¿½ï¿½ï¿½ï,12900000,Entertainment
The Shiny Peanut,12900000,Education
gymvirtual,12900000,Sports
Pastor Antï¿½ï¿½ï¿½ï¿½ï,12900000,People & Blogs
Adam W,12800000,Comedy
Right to Shiksha,12800000,Education
MrSuicideSheep,12800000,Entertainment
Troom Troom India,12800000,Howto & Style
Duo Tiempo De Sol,12800000,Music
Melon City Show - ï¿½ï¿½ï¿½ï¿½ï¿½ï¿½ï¿½ï¿½ï¿½ï¿½ï¿,12800000,Comedy
Talking Angela,12800000,Entertainment
Future,12700000,Music
Heidi y Zidane,12700000,nan
Jass Records,12700000,Music
Diana and Roma IND,12700000,nan
Blossom,12700000,Howto & Style
Adexe & Nau,12700000,Music
Franco Escamilla,12700000,Comedy
#Refï¿½ï¿½ï¿½ï¿½,12700000,Entertainment
Go Ami Go!,12700000,People & Blogs
Ian Lucas,12700000,Entertainment
FACT FIRE KING,12700000,nan
Piuzinho,12700000,Gaming
NickiMinajAtVEVO,12600000,Music
Ellie Goulding,12600000,Music
ýýýýýýýýýSULGI,12600000,People & Blogs
Morgz,12600000,Gaming
CaseyNeistat,12600000,People & Blogs
elcarteldesantatv,12500000,Music
Little Baby Bum en Espaï¿½ï,12500000,Education
Troom Troom Indonesia,12500000,People & Blogs
Wave Music Bhakti,12500000,Music
NDTV,12500000,Entertainment
Parafernalha,12500000,Entertainment
CKM,12500000,Comedy
Troom Troom PT,12500000,Howto & Style
Quantum Tech HD,12500000,Science & Technology
Bebefinn - Nursery Rhymes & Kids Songs,12500000,nan
Mï¿½ï¿½ï¿½ï¿½,12500000,Travel & Events
First We Feast,12500000,Howto & Style
colinfurze,12500000,Entertainment
Yair17,12500000,Gaming
Ja Mill,12500000,People & Blogs
People Vs Food,12500000,Entertainment
Health Time,12500000,Howto & Style
Pari's Lifestyle,12400000,People & Blogs
Zee Kids,12400000,Film & Animation
_vector_,12400000,Comedy
Migos ATL,12400000,Music
DaniRep | +6 Vï¿½ï¿½ï¿½ï¿½ï¿½ï¿½ï¿½ï¿½ï¿½ï¿½ï,12400000,Gaming
Avril Lavigne,12400000,Music
Caylus,12400000,Education
Heidi and Zidane HZHtube,12400000,Entertainment
TKOR,12400000,Education
Gibby :),12400000,People & Blogs
Timba Vk,12400000,Gaming
Gustavo Parï¿½ï¿½,12400000,Comedy
LOUD,12400000,Gaming
bharatzkitchen HINDI,12400000,Howto & Style
DEV Ke Facts,12400000,nan
Hero Movies 2023,12400000,People & Blogs
SAAIHALILINTAR,12400000,Entertainment
Natan por Aï¿,12300000,Sports
Panda,12300000,nan
Make Joke Of,12300000,Comedy
Free Fire India Official,12300000,People & Blogs
Super JoJo - Nursery Rhymes & Kids Songs,24100000,nan
Vevo,20000000,Music
Manoj  parihar,19300000,nan
Stubborn Facts,17300000,Film & Animation
Pokï¿½ï¿½ï¿½ï¿½ï¿½ï¿½ï¿½ï¿½ï¿½,15200000,People & Blogs
Beast Philanthropy,14800000,People & Blogs
ýýýýýýýýýýýýýýýýýýýýý,14400000,Entertainment
NOBRU,14400000,Gaming
Zeinab Harake,13600000,nan
Wolfoo Channel,13000000,nan
Matheus Yurley,12900000,Entertainment
Wolfoo Family,12500000,nan
RobTopGames,12300000,Gaming
Vibhu 96,13400000,nan
Calon Sarjana,13000000,Entertainment
ýýýýýý,14900000,People & Blogs
Happy Lives,23200000,Science & Technology
T-Series,245000000,Music
YouTube Movies,170000000,Film & Animation
Cocomelon - Nursery Rhymes,162000000,Education
SET India,159000000,Shows
Music,119000000,nan
Gaming,93600000,nan
Sony SAB,83000000,Shows
Sports,75000000,nan
News,36300000,nan
Popular on YouTube,29300000,nan
Minecraft - Topic,20900000,nan
Live,16100000,nan
Youtuber,subscribers,category
